Dataset,Classifier,Feature Type,Accuracy,Balanced Accuracy,Precision,Recall,F1-score
Mozilla,KNeighborsClassifier,TF-IDF,0.553,0.505610743,0.527777788,0.553,0.532073057
Mozilla,KNeighborsClassifier,BERT,0.586,0.548147033,0.571347647,0.586,0.574180556
Mozilla,MultinomialNB,TF-IDF,0.591,0.508370125,0.540020969,0.591,0.509754757
Mozilla,MultinomialNB,BERT,0.634,0.551792762,0.642524823,0.634,0.557812245
Mozilla,MLPClassifier,TF-IDF,0.603,0.54134892,0.576641758,0.603,0.563806739
Mozilla,MLPClassifier,BERT,0.605,0.58692053,0.604828539,0.605,0.604913674
Mozilla,RandomForestClassifier,TF-IDF,0.611,0.547101813,0.587047455,0.611,0.568602655
Mozilla,RandomForestClassifier,BERT,0.621,0.541031173,0.607549769,0.621,0.548705767
Mozilla,SVC,TF-IDF,0.606,0.518178473,0.573839472,0.606,0.512494173
Mozilla,SVC,BERT,0.602,0.551826209,0.581131949,0.602,0.577986845
Mozilla,KNeighborsClassifier,TF-IDF,0.591,0.543589872,0.570117948,0.591,0.57000987
Mozilla,KNeighborsClassifier,BERT,0.596,0.559468861,0.582713775,0.596,0.585167025
Mozilla,MultinomialNB,TF-IDF,0.611,0.53101378,0.585588773,0.611,0.537801172
Mozilla,MultinomialNB,BERT,0.611,0.528839722,0.586064373,0.611,0.532683056
Mozilla,MLPClassifier,TF-IDF,0.6,0.548866145,0.578246162,0.6,0.574852941
Mozilla,MLPClassifier,BERT,0.62,0.589771891,0.61130809,0.62,0.613416766
Mozilla,RandomForestClassifier,TF-IDF,0.591,0.53271958,0.562743955,0.591,0.556453287
Mozilla,RandomForestClassifier,BERT,0.602,0.520954579,0.565852518,0.602,0.52556454
Mozilla,SVC,TF-IDF,0.613,0.532234598,0.590193775,0.613,0.538171827
Mozilla,SVC,BERT,0.589,0.532803198,0.561695771,0.589,0.557309538
Mozilla,KNeighborsClassifier,TF-IDF,0.575,0.525996722,0.550782882,0.575,0.552198417
Mozilla,KNeighborsClassifier,BERT,0.602,0.574001605,0.594579341,0.602,0.597029063
Mozilla,MultinomialNB,TF-IDF,0.614,0.532627601,0.592725796,0.614,0.537837871
Mozilla,MultinomialNB,BERT,0.613,0.530930163,0.590734739,0.613,0.535085714
Mozilla,MLPClassifier,TF-IDF,0.576,0.535085959,0.558486179,0.576,0.561572113
Mozilla,MLPClassifier,BERT,0.613,0.543974513,0.589131447,0.613,0.562106948
Mozilla,RandomForestClassifier,TF-IDF,0.611,0.553623988,0.589010219,0.611,0.578142613
Mozilla,RandomForestClassifier,BERT,0.621,0.544509666,0.604845899,0.621,0.556252274
Mozilla,SVC,TF-IDF,0.617,0.536415479,0.599086353,0.617,0.542945245
Mozilla,SVC,BERT,0.623,0.574862867,0.606641988,0.623,0.601418359
Mozilla,KNeighborsClassifier,TF-IDF,0.539,0.528806275,0.548891264,0.539,0.542684807
Mozilla,KNeighborsClassifier,BERT,0.593,0.562637969,0.583892114,0.593,0.58667527
Mozilla,MultinomialNB,TF-IDF,0.6,0.517559703,0.560533333,0.6,0.520006863
Mozilla,MultinomialNB,BERT,0.598,0.522426249,0.561281106,0.598,0.533548913
Mozilla,MLPClassifier,TF-IDF,0.57,0.520118403,0.544332157,0.57,0.546163733
Mozilla,MLPClassifier,BERT,0.589,0.552804535,0.57566048,0.589,0.578502106
Mozilla,RandomForestClassifier,TF-IDF,0.593,0.534375209,0.565082034,0.593,0.558003962
Mozilla,RandomForestClassifier,BERT,0.615,0.53997759,0.592734125,0.615,0.552833791
Mozilla,SVC,TF-IDF,0.608,0.525051843,0.579073009,0.608,0.527479847
Mozilla,SVC,BERT,0.624,0.578734364,0.608696482,0.624,0.60534764
Mozilla,KNeighborsClassifier,TF-IDF,0.569,0.52604875,0.549616561,0.569,0.553174378
Mozilla,KNeighborsClassifier,BERT,0.572,0.541270007,0.56285297,0.572,0.566032604
Mozilla,MultinomialNB,TF-IDF,0.623,0.541678,0.611158139,0.623,0.549617783
Mozilla,MultinomialNB,BERT,0.59,0.512647767,0.544758764,0.59,0.522879559
Mozilla,MLPClassifier,TF-IDF,0.591,0.546866827,0.572472222,0.591,0.573908316
Mozilla,MLPClassifier,BERT,0.59,0.535055968,0.563882087,0.59,0.560762634
Mozilla,RandomForestClassifier,TF-IDF,0.606,0.551794121,0.583855629,0.606,0.577903605
Mozilla,RandomForestClassifier,BERT,0.612,0.535662726,0.586081578,0.612,0.548481144
Mozilla,SVC,TF-IDF,0.612,0.525996443,0.588005143,0.612,0.526274123
Mozilla,SVC,BERT,0.575,0.527492416,0.552277037,0.575,0.554479988
Mozilla,KNeighborsClassifier,TF-IDF,0.573,0.531551418,0.555133024,0.573,0.558558781
Mozilla,KNeighborsClassifier,BERT,0.586,0.551522126,0.574050142,0.586,0.577195313
Mozilla,MultinomialNB,TF-IDF,0.613,0.53297416,0.58836953,0.613,0.541669289
Mozilla,MultinomialNB,BERT,0.607,0.523621718,0.575128173,0.607,0.527347981
Mozilla,MLPClassifier,TF-IDF,0.582,0.532398786,0.558458819,0.582,0.559159946
Mozilla,MLPClassifier,BERT,0.61,0.514677267,0.590924886,0.61,0.497231333
Mozilla,RandomForestClassifier,TF-IDF,0.599,0.535024584,0.569694345,0.599,0.55710016
Mozilla,RandomForestClassifier,BERT,0.615,0.536384559,0.592190803,0.615,0.546916617
Mozilla,SVC,TF-IDF,0.604,0.51718799,0.566565411,0.604,0.515350205
Mozilla,SVC,BERT,0.595,0.540066953,0.569984472,0.595,0.56584
Mozilla,KNeighborsClassifier,TF-IDF,0.564,0.512250235,0.535993383,0.564,0.538590211
Mozilla,KNeighborsClassifier,BERT,0.602,0.567820902,0.590658249,0.602,0.593220855
Mozilla,MultinomialNB,TF-IDF,0.614,0.533800607,0.590532636,0.614,0.542363975
Mozilla,MultinomialNB,BERT,0.616,0.535014123,0.59516656,0.616,0.542761823
Mozilla,MLPClassifier,TF-IDF,0.578,0.529971754,0.555193685,0.578,0.556909543
Mozilla,MLPClassifier,BERT,0.635,0.594654253,0.622539209,0.635,0.621236483
Mozilla,RandomForestClassifier,TF-IDF,0.601,0.541071242,0.574647416,0.601,0.565213814
Mozilla,RandomForestClassifier,BERT,0.619,0.535296579,0.604205181,0.619,0.539687973
Mozilla,SVC,TF-IDF,0.605,0.515378178,0.568306452,0.605,0.508778327
Mozilla,SVC,BERT,0.623,0.56935872,0.60502795,0.623,0.595856
Mozilla,KNeighborsClassifier,TF-IDF,0.604,0.554534993,0.583854575,0.604,0.581406969
Mozilla,KNeighborsClassifier,BERT,0.595,0.558081389,0.581605918,0.595,0.584225855
Mozilla,MultinomialNB,TF-IDF,0.588,0.50264672,0.528266648,0.588,0.501661896
Mozilla,MultinomialNB,BERT,0.603,0.522073439,0.56710572,0.603,0.528816385
Mozilla,MLPClassifier,TF-IDF,0.582,0.515702479,0.543972301,0.582,0.535759402
Mozilla,MLPClassifier,BERT,0.626,0.551187363,0.611781096,0.626,0.566492301
Mozilla,RandomForestClassifier,TF-IDF,0.601,0.536677477,0.572306742,0.601,0.558618661
Mozilla,RandomForestClassifier,BERT,0.609,0.527032116,0.579845038,0.609,0.532892714
Mozilla,SVC,TF-IDF,0.59,0.507375248,0.537693536,0.59,0.510733333
Mozilla,SVC,BERT,0.609,0.556470342,0.588273396,0.609,0.582964241
Mozilla,KNeighborsClassifier,TF-IDF,0.534534535,0.524398525,0.544956783,0.534534535,0.538389188
Mozilla,KNeighborsClassifier,BERT,0.588588589,0.551142175,0.574475993,0.588588589,0.577309995
Mozilla,MultinomialNB,TF-IDF,0.593593594,0.511918434,0.546778915,0.593593594,0.516134197
Mozilla,MultinomialNB,BERT,0.613613614,0.531540783,0.591004045,0.613613614,0.536915352
Mozilla,MLPClassifier,TF-IDF,0.580580581,0.519991198,0.547491755,0.580580581,0.543003544
Mozilla,MLPClassifier,BERT,0.594594595,0.522382429,0.557677819,0.594594595,0.537650413
Mozilla,RandomForestClassifier,TF-IDF,0.584584585,0.52242644,0.551360292,0.584584585,0.544705622
Mozilla,RandomForestClassifier,BERT,0.5995996,0.522579428,0.562938724,0.5995996,0.533165536
Mozilla,SVC,TF-IDF,0.588588589,0.504275295,0.531662061,0.588588589,0.504135315
Mozilla,SVC,BERT,0.5995996,0.544479839,0.575528417,0.5995996,0.569969281
Mozilla,KNeighborsClassifier,TF-IDF,0.546546547,0.49972965,0.521591274,0.546546547,0.526669124
Mozilla,KNeighborsClassifier,BERT,0.5995996,0.566818258,0.589039759,0.5995996,0.591720744
Mozilla,MultinomialNB,TF-IDF,0.615615616,0.535824461,0.594486378,0.615615616,0.544328399
Mozilla,MultinomialNB,BERT,0.606606607,0.527936122,0.575752381,0.606606607,0.537088284
Mozilla,MLPClassifier,TF-IDF,0.585585586,0.534642468,0.561497883,0.585585586,0.560952913
Mozilla,MLPClassifier,BERT,0.593593594,0.542579009,0.570791202,0.593593594,0.568927762
Mozilla,RandomForestClassifier,TF-IDF,0.605605606,0.547256685,0.581499752,0.605605606,0.571796845
Mozilla,RandomForestClassifier,BERT,0.611611612,0.534265236,0.585791382,0.611611612,0.545330659
Mozilla,SVC,TF-IDF,0.612612613,0.529836952,0.588946134,0.612612613,0.534148869
Mozilla,SVC,BERT,0.590590591,0.54622768,0.571803986,0.590590591,0.573078809
Eclipse,KNeighborsClassifier,TF-IDF,0.511770727,0.506612746,0.507800339,0.511770727,0.503597761
Eclipse,KNeighborsClassifier,BERT,0.502558854,0.500619092,0.501418312,0.502558854,0.50157658
Eclipse,MultinomialNB,TF-IDF,0.509723644,0.501206706,0.502244779,0.509723644,0.486315405
Eclipse,MultinomialNB,BERT,0.52814739,0.520969394,0.524528864,0.52814739,0.512297982
Eclipse,MLPClassifier,TF-IDF,0.507676561,0.501448047,0.502378616,0.507676561,0.495500279
Eclipse,MLPClassifier,BERT,0.562947799,0.559181035,0.561706594,0.562947799,0.558978957
Eclipse,RandomForestClassifier,TF-IDF,0.5209826,0.515471014,0.517345299,0.5209826,0.511726613
Eclipse,RandomForestClassifier,BERT,0.540429887,0.536872723,0.538584719,0.540429887,0.536797643
Eclipse,SVC,TF-IDF,0.523029683,0.512365059,0.51773093,0.523029683,0.485985232
Eclipse,SVC,BERT,0.540429887,0.538264107,0.539309087,0.540429887,0.539175704
Eclipse,KNeighborsClassifier,TF-IDF,0.505629478,0.509873999,0.511205628,0.505629478,0.500238468
Eclipse,KNeighborsClassifier,BERT,0.517911975,0.516446871,0.517260329,0.517911975,0.51742958
Eclipse,MultinomialNB,TF-IDF,0.530194473,0.522610513,0.526820286,0.530194473,0.512474515
Eclipse,MultinomialNB,BERT,0.541453429,0.532946208,0.540413867,0.541453429,0.519336561
Eclipse,MLPClassifier,TF-IDF,0.517911975,0.51374595,0.515032585,0.517911975,0.512716797
Eclipse,MLPClassifier,BERT,0.502558854,0.516006162,0.530752879,0.502558854,0.440291272
Eclipse,RandomForestClassifier,TF-IDF,0.530194473,0.524820358,0.527255831,0.530194473,0.521530995
Eclipse,RandomForestClassifier,BERT,0.560900716,0.557048839,0.559600231,0.560900716,0.556733096
Eclipse,SVC,TF-IDF,0.534288639,0.525156137,0.532053625,0.534288639,0.508260634
Eclipse,SVC,BERT,0.522006141,0.519565418,0.520537184,0.522006141,0.520352548
Eclipse,KNeighborsClassifier,TF-IDF,0.498464688,0.500201467,0.501000112,0.498464688,0.497715013
Eclipse,KNeighborsClassifier,BERT,0.496417605,0.494549888,0.495328089,0.496417605,0.495522045
Eclipse,MultinomialNB,TF-IDF,0.553735926,0.546476,0.553655,0.553735926,0.53820569
Eclipse,MultinomialNB,BERT,0.493346981,0.486277135,0.485364542,0.493346981,0.477128165
Eclipse,MLPClassifier,TF-IDF,0.504605937,0.498986367,0.499709981,0.504605937,0.4947362
Eclipse,MLPClassifier,BERT,0.498464688,0.507485771,0.510352102,0.498464688,0.471997865
Eclipse,RandomForestClassifier,TF-IDF,0.496417605,0.490703121,0.490805714,0.496417605,0.486077683
Eclipse,RandomForestClassifier,BERT,0.501535312,0.498407149,0.499176625,0.501535312,0.49864992
Eclipse,SVC,TF-IDF,0.541453429,0.532373285,0.540928877,0.541453429,0.516069198
Eclipse,SVC,BERT,0.52814739,0.526616776,0.527453061,0.52814739,0.527600711
Eclipse,KNeighborsClassifier,TF-IDF,0.51381781,0.516274785,0.517370464,0.51381781,0.512205585
Eclipse,KNeighborsClassifier,BERT,0.492323439,0.490776573,0.491561795,0.492323439,0.491775886
Eclipse,MultinomialNB,TF-IDF,0.53531218,0.527040696,0.532920076,0.53531218,0.514238937
Eclipse,MultinomialNB,BERT,0.544524053,0.535735272,0.54441049,0.544524053,0.520964629
Eclipse,MLPClassifier,TF-IDF,0.489252815,0.493143814,0.493623911,0.489252815,0.484547765
Eclipse,MLPClassifier,BERT,0.537359263,0.535311351,0.536298021,0.537359263,0.536252225
Eclipse,RandomForestClassifier,TF-IDF,0.51381781,0.509317865,0.510512897,0.51381781,0.507683683
Eclipse,RandomForestClassifier,BERT,0.559877175,0.557701509,0.558894949,0.559877175,0.558624855
Eclipse,SVC,TF-IDF,0.533265097,0.523353424,0.531204271,0.533265097,0.50220848
Eclipse,SVC,BERT,0.51381781,0.510545557,0.511548186,0.51381781,0.510677926
Eclipse,KNeighborsClassifier,TF-IDF,0.501535312,0.49627915,0.49684755,0.501535312,0.492913163
Eclipse,KNeighborsClassifier,BERT,0.531218014,0.528996609,0.529992695,0.531218014,0.529884148
Eclipse,MultinomialNB,TF-IDF,0.530194473,0.521546514,0.526869,0.530194473,0.506839421
Eclipse,MultinomialNB,BERT,0.541453429,0.532946208,0.540413867,0.541453429,0.519336561
Eclipse,MLPClassifier,TF-IDF,0.505629478,0.507664154,0.508559327,0.505629478,0.50455637
Eclipse,MLPClassifier,BERT,0.546571136,0.540813928,0.544816996,0.546571136,0.536838109
Eclipse,RandomForestClassifier,TF-IDF,0.538382805,0.53236699,0.53597044,0.538382805,0.527582725
Eclipse,RandomForestClassifier,BERT,0.525076766,0.522763712,0.523735192,0.525076766,0.523611843
Eclipse,SVC,TF-IDF,0.5209826,0.510151017,0.514868342,0.5209826,0.482526449
Eclipse,SVC,BERT,0.539406346,0.537443547,0.538415663,0.539406346,0.538402491
Eclipse,KNeighborsClassifier,TF-IDF,0.495394063,0.49790348,0.49865915,0.495394063,0.493592287
Eclipse,KNeighborsClassifier,BERT,0.5209826,0.518908551,0.519806989,0.5209826,0.519836374
Eclipse,MultinomialNB,TF-IDF,0.508700102,0.500467992,0.501350503,0.508700102,0.486881259
Eclipse,MultinomialNB,BERT,0.536335722,0.528925256,0.533859887,0.536335722,0.51962762
Eclipse,MLPClassifier,TF-IDF,0.494370522,0.489471232,0.489724821,0.494370522,0.486855349
Eclipse,MLPClassifier,BERT,0.52814739,0.530872773,0.532352614,0.52814739,0.526210264
Eclipse,RandomForestClassifier,TF-IDF,0.505629478,0.499970619,0.500765191,0.505629478,0.495630011
Eclipse,RandomForestClassifier,BERT,0.532241556,0.528835015,0.53026886,0.532241556,0.528890911
Eclipse,SVC,TF-IDF,0.505629478,0.495878314,0.495499003,0.505629478,0.474172243
Eclipse,SVC,BERT,0.496417605,0.493322197,0.494008548,0.496417605,0.493584134
Eclipse,KNeighborsClassifier,TF-IDF,0.489252815,0.484549972,0.484627313,0.489252815,0.482310685
Eclipse,KNeighborsClassifier,BERT,0.546571136,0.544005926,0.545276409,0.546571136,0.544762155
Eclipse,MultinomialNB,TF-IDF,0.550665302,0.543359552,0.550192649,0.550665302,0.534844505
Eclipse,MultinomialNB,BERT,0.5209826,0.512524554,0.515795518,0.5209826,0.498344121
Eclipse,MLPClassifier,TF-IDF,0.503582395,0.499066115,0.499822923,0.503582395,0.497319129
Eclipse,MLPClassifier,BERT,0.515864893,0.529865437,0.560743163,0.515864893,0.449722607
Eclipse,RandomForestClassifier,TF-IDF,0.52814739,0.522851854,0.52510355,0.52814739,0.519718097
Eclipse,RandomForestClassifier,BERT,0.527123849,0.52276791,0.524475359,0.527123849,0.521492067
Eclipse,SVC,TF-IDF,0.574206755,0.566406578,0.578192874,0.574206755,0.55684925
Eclipse,SVC,BERT,0.531218014,0.527114148,0.528854451,0.531218014,0.526269281
Eclipse,KNeighborsClassifier,TF-IDF,0.498464688,0.501920236,0.502786685,0.498464688,0.49489701
Eclipse,KNeighborsClassifier,BERT,0.512794268,0.511280073,0.512090872,0.512794268,0.512268794
Eclipse,MultinomialNB,TF-IDF,0.515864893,0.508094371,0.510179255,0.515864893,0.496769179
Eclipse,MultinomialNB,BERT,0.523029683,0.515638903,0.518642701,0.523029683,0.506039603
Eclipse,MLPClassifier,TF-IDF,0.51381781,0.508826788,0.510106686,0.51381781,0.5062074
Eclipse,MLPClassifier,BERT,0.517911975,0.506707184,0.510363951,0.517911975,0.476278027
Eclipse,RandomForestClassifier,TF-IDF,0.505629478,0.498742928,0.499391781,0.505629478,0.490563624
Eclipse,RandomForestClassifier,BERT,0.504605937,0.501114366,0.50193646,0.504605937,0.500967287
Eclipse,SVC,TF-IDF,0.517911975,0.50826226,0.511362996,0.517911975,0.487786931
Eclipse,SVC,BERT,0.508700102,0.505051374,0.505977058,0.508700102,0.504723413
Eclipse,KNeighborsClassifier,TF-IDF,0.495901639,0.499343832,0.500161087,0.495901639,0.492541451
Eclipse,KNeighborsClassifier,BERT,0.536885246,0.534087085,0.535345307,0.536885246,0.534814828
Eclipse,MultinomialNB,TF-IDF,0.513319672,0.504719362,0.506462349,0.513319672,0.490859396
Eclipse,MultinomialNB,BERT,0.537909836,0.527752541,0.536928771,0.537909836,0.507231874
Eclipse,MLPClassifier,TF-IDF,0.514344262,0.509909819,0.511130459,0.514344262,0.508726065
Eclipse,MLPClassifier,BERT,0.524590164,0.527744128,0.52936542,0.524590164,0.522049065
Eclipse,RandomForestClassifier,TF-IDF,0.518442623,0.512669089,0.514427651,0.518442623,0.508763839
Eclipse,RandomForestClassifier,BERT,0.518442623,0.515361061,0.516438466,0.518442623,0.515852518
Eclipse,SVC,TF-IDF,0.525614754,0.514932028,0.520906803,0.525614754,0.490655963
Eclipse,SVC,BERT,0.522540984,0.519045696,0.520295866,0.522540984,0.519166486
Eclipse,KNeighborsClassifier,TF-IDF,0.506147541,0.504438921,0.505209494,0.506147541,0.505372978
Eclipse,KNeighborsClassifier,BERT,0.49692623,0.494764134,0.49548801,0.49692623,0.495569294
Eclipse,MultinomialNB,TF-IDF,0.510245902,0.503669312,0.504840148,0.510245902,0.495925157
Eclipse,MultinomialNB,BERT,0.511270492,0.502577981,0.503917835,0.511270492,0.485556782
Eclipse,MLPClassifier,TF-IDF,0.505122951,0.509845111,0.511296877,0.505122951,0.498003524
Eclipse,MLPClassifier,BERT,0.520491803,0.518405437,0.519276201,0.520491803,0.519252785
Eclipse,RandomForestClassifier,TF-IDF,0.512295082,0.507799128,0.508912268,0.512295082,0.505824003
Eclipse,RandomForestClassifier,BERT,0.494877049,0.491992699,0.492631817,0.494877049,0.492297127
Eclipse,SVC,TF-IDF,0.50102459,0.492556238,0.491751413,0.50102459,0.476285434
Eclipse,SVC,BERT,0.518442623,0.515234478,0.516299196,0.518442623,0.515275074
GCC,KNeighborsClassifier,TF-IDF,0.573,0.522850549,0.549735502,0.573,0.553722357
GCC,KNeighborsClassifier,BERT,0.575,0.54193619,0.566168777,0.575,0.569454066
GCC,MultinomialNB,TF-IDF,0.619,0.529773937,0.592400814,0.619,0.54023189
GCC,MultinomialNB,BERT,0.592,0.507243447,0.53860303,0.592,0.521021384
GCC,MLPClassifier,TF-IDF,0.584,0.53796914,0.565006993,0.584,0.568522255
GCC,MLPClassifier,BERT,0.597,0.534440065,0.567601052,0.597,0.563532459
GCC,RandomForestClassifier,TF-IDF,0.6,0.532646048,0.568162129,0.6,0.560019427
GCC,RandomForestClassifier,BERT,0.623,0.536343575,0.600670178,0.623,0.550192591
GCC,SVC,TF-IDF,0.611,0.515691328,0.570720781,0.611,0.516682821
GCC,SVC,BERT,0.599,0.534659053,0.568912655,0.599,0.563203458
GCC,KNeighborsClassifier,TF-IDF,0.557,0.498458662,0.52331097,0.557,0.528400348
GCC,KNeighborsClassifier,BERT,0.576,0.540866518,0.565468199,0.576,0.569101791
GCC,MultinomialNB,TF-IDF,0.624,0.534802237,0.604474567,0.624,0.545738868
GCC,MultinomialNB,BERT,0.613,0.523456977,0.578119453,0.613,0.532991447
GCC,MLPClassifier,TF-IDF,0.526,0.488225187,0.51345331,0.526,0.518288323
GCC,MLPClassifier,BERT,0.624,0.561687218,0.602374126,0.624,0.591324041
GCC,RandomForestClassifier,TF-IDF,0.555,0.488334681,0.510337782,0.555,0.515275657
GCC,RandomForestClassifier,BERT,0.616,0.524492959,0.58535586,0.616,0.531668265
GCC,SVC,TF-IDF,0.605,0.516449363,0.560416524,0.605,0.526598103
GCC,SVC,BERT,0.611,0.544462974,0.583552439,0.611,0.57244864
GCC,KNeighborsClassifier,TF-IDF,0.606,0.551226332,0.583467603,0.606,0.581850766
GCC,KNeighborsClassifier,BERT,0.594,0.561704063,0.585588866,0.594,0.588560975
GCC,MultinomialNB,TF-IDF,0.625,0.535147564,0.607496464,0.625,0.545354597
GCC,MultinomialNB,BERT,0.627,0.537724884,0.611923178,0.627,0.548838055
GCC,MLPClassifier,TF-IDF,0.611,0.563801294,0.593415925,0.611,0.594288593
GCC,MLPClassifier,BERT,0.598,0.564028704,0.58835475,0.598,0.591459717
GCC,RandomForestClassifier,TF-IDF,0.62,0.562192575,0.598765567,0.62,0.592614669
GCC,RandomForestClassifier,BERT,0.632,0.542753184,0.624402988,0.632,0.554364912
GCC,SVC,TF-IDF,0.623,0.531626912,0.603696046,0.623,0.539652147
GCC,SVC,BERT,0.596,0.528434742,0.562605611,0.596,0.555619621
GCC,KNeighborsClassifier,TF-IDF,0.58,0.526211172,0.554315087,0.58,0.556889874
GCC,KNeighborsClassifier,BERT,0.567,0.533985244,0.55832008,0.567,0.561647126
GCC,MultinomialNB,TF-IDF,0.605,0.513619365,0.557630706,0.605,0.519974011
GCC,MultinomialNB,BERT,0.618,0.527070278,0.590398325,0.618,0.535220274
GCC,MLPClassifier,TF-IDF,0.568,0.519708914,0.546014286,0.568,0.550591358
GCC,MLPClassifier,BERT,0.633,0.561021831,0.61447534,0.633,0.587282256
GCC,RandomForestClassifier,TF-IDF,0.596,0.534094738,0.566813303,0.596,0.563365073
GCC,RandomForestClassifier,BERT,0.618,0.529900276,0.58984,0.618,0.541659641
GCC,SVC,TF-IDF,0.622,0.531281585,0.600558612,0.622,0.540087077
GCC,SVC,BERT,0.627,0.560836534,0.605636097,0.627,0.589400289
GCC,KNeighborsClassifier,TF-IDF,0.576576577,0.540887673,0.56579151,0.576576577,0.569485761
GCC,KNeighborsClassifier,BERT,0.563563564,0.527891777,0.552858307,0.563563564,0.556739921
GCC,MultinomialNB,TF-IDF,0.635635636,0.545390637,0.633532557,0.635635636,0.557250765
GCC,MultinomialNB,BERT,0.600600601,0.513945888,0.552802057,0.600600601,0.527181692
GCC,MLPClassifier,TF-IDF,0.573573574,0.525136799,0.552053667,0.573573574,0.556286016
GCC,MLPClassifier,BERT,0.624624625,0.550653595,0.60105217,0.624624625,0.576098531
GCC,RandomForestClassifier,TF-IDF,0.614614615,0.550558596,0.589360004,0.614614615,0.580010725
GCC,RandomForestClassifier,BERT,0.622622623,0.534769722,0.599237049,0.622622623,0.548287716
GCC,SVC,TF-IDF,0.614614615,0.523008816,0.580726533,0.614614615,0.531149652
GCC,SVC,BERT,0.607607608,0.544364645,0.58066667,0.607607608,0.573921459
GCC,KNeighborsClassifier,TF-IDF,0.571571572,0.523027816,0.54981433,0.571571572,0.554202852
GCC,KNeighborsClassifier,BERT,0.581581582,0.551622587,0.575358299,0.581581582,0.577889253
GCC,MultinomialNB,TF-IDF,0.625625626,0.533895729,0.609384027,0.625625626,0.542902461
GCC,MultinomialNB,BERT,0.627627628,0.539329685,0.611029211,0.627627628,0.552759108
GCC,MLPClassifier,TF-IDF,0.575575576,0.533420733,0.55947908,0.575575576,0.563753239
GCC,MLPClassifier,BERT,0.613613614,0.515541876,0.576976186,0.613613614,0.513663958
GCC,RandomForestClassifier,TF-IDF,0.57957958,0.515788874,0.544814032,0.57957958,0.544782121
GCC,RandomForestClassifier,BERT,0.623623624,0.534636723,0.602107491,0.623623624,0.546912853
GCC,SVC,TF-IDF,0.616616617,0.524167807,0.585883776,0.616616617,0.531336086
GCC,SVC,BERT,0.621621622,0.55627755,0.598220117,0.621621622,0.585491805
GCC,KNeighborsClassifier,TF-IDF,0.553553554,0.506896945,0.53254635,0.553553554,0.538181142
GCC,KNeighborsClassifier,BERT,0.568568569,0.537676699,0.561880801,0.568568569,0.564624977
GCC,MultinomialNB,TF-IDF,0.614614615,0.523958808,0.580871737,0.614614615,0.533363877
GCC,MultinomialNB,BERT,0.602602603,0.511779906,0.552163189,0.602602603,0.519943299
GCC,MLPClassifier,TF-IDF,0.538538539,0.496067031,0.521384796,0.538538539,0.527103658
GCC,MLPClassifier,BERT,0.617617618,0.506459948,0.764569398,0.617617618,0.476780113
GCC,RandomForestClassifier,TF-IDF,0.563563564,0.500341997,0.525777411,0.563563564,0.529404105
GCC,RandomForestClassifier,BERT,0.601601602,0.514762882,0.55462219,0.601601602,0.527854698
GCC,SVC,TF-IDF,0.625625626,0.534845721,0.608403217,0.625625626,0.545087325
GCC,SVC,BERT,0.610610611,0.543965648,0.582855712,0.610610611,0.57245383
GCC,KNeighborsClassifier,TF-IDF,0.573573574,0.524186807,0.551222664,0.573573574,0.555375409
GCC,KNeighborsClassifier,BERT,0.594594595,0.558443532,0.58351834,0.594594595,0.586875031
GCC,MultinomialNB,TF-IDF,0.623623624,0.537961696,0.600600601,0.623623624,0.553953182
GCC,MultinomialNB,BERT,0.636636637,0.555232558,0.624259753,0.636636637,0.576134029
GCC,MLPClassifier,TF-IDF,0.565565566,0.516700866,0.543096322,0.565565566,0.547953359
GCC,MLPClassifier,BERT,0.627627628,0.526979784,0.639037214,0.627627628,0.52224274
GCC,RandomForestClassifier,TF-IDF,0.592592593,0.533059736,0.564452636,0.592592593,0.56334703
GCC,RandomForestClassifier,BERT,0.614614615,0.525858793,0.581217068,0.614614615,0.537656632
GCC,SVC,TF-IDF,0.610610611,0.519740842,0.571099418,0.610610611,0.528515709
GCC,SVC,BERT,0.611611612,0.548582611,0.585924644,0.611611612,0.5782692
GCC,KNeighborsClassifier,TF-IDF,0.588588589,0.537391701,0.56615688,0.588588589,0.568506351
GCC,KNeighborsClassifier,BERT,0.595595596,0.569710442,0.592206143,0.595595596,0.593711724
GCC,MultinomialNB,TF-IDF,0.63963964,0.551033592,0.640436058,0.63963964,0.565189731
GCC,MultinomialNB,BERT,0.625625626,0.541495668,0.604175604,0.625625626,0.559175785
GCC,MLPClassifier,TF-IDF,0.575575576,0.530570755,0.557106372,0.575575576,0.561375372
GCC,MLPClassifier,BERT,0.636636637,0.558557532,0.621994238,0.636636637,0.581990835
GCC,RandomForestClassifier,TF-IDF,0.602602603,0.543129655,0.576624639,0.602602603,0.573513659
GCC,RandomForestClassifier,BERT,0.635635636,0.555365557,0.621523377,0.635635636,0.577112247
GCC,SVC,TF-IDF,0.630630631,0.540355677,0.620622603,0.630630631,0.55170097
GCC,SVC,BERT,0.611611612,0.554757562,0.588982856,0.611611612,0.58560748
GCC,KNeighborsClassifier,TF-IDF,0.601601602,0.551337589,0.581264448,0.601601602,0.582383334
GCC,KNeighborsClassifier,BERT,0.576576577,0.543262654,0.567726703,0.576576577,0.57101546
GCC,MultinomialNB,TF-IDF,0.632632633,0.547214622,0.619632159,0.632632633,0.564155277
GCC,MultinomialNB,BERT,0.627627628,0.538854689,0.611453202,0.627627628,0.551732929
GCC,MLPClassifier,TF-IDF,0.590590591,0.540925673,0.569512723,0.590590591,0.57199647
GCC,MLPClassifier,BERT,0.623623624,0.559336525,0.60118698,0.623623624,0.588919532
GCC,RandomForestClassifier,TF-IDF,0.614614615,0.55245858,0.590177403,0.614614615,0.582422556
GCC,RandomForestClassifier,BERT,0.647647648,0.560419517,0.656966057,0.647647648,0.576804318
GCC,SVC,TF-IDF,0.632632633,0.543889649,0.623459215,0.632632633,0.557247882
GCC,SVC,BERT,0.634634635,0.570698434,0.615996741,0.634634635,0.600648554
Gnome,KNeighborsClassifier,TF-IDF,0.566666667,0.530025224,0.548261164,0.566666667,0.548163695
Gnome,KNeighborsClassifier,BERT,0.556410256,0.537429819,0.551991453,0.556410256,0.553767434
Gnome,MultinomialNB,TF-IDF,0.612820513,0.544427568,0.618167872,0.612820513,0.53545137
Gnome,MultinomialNB,BERT,0.579487179,0.526648404,0.5523256,0.579487179,0.536107383
Gnome,MLPClassifier,TF-IDF,0.561538462,0.530730424,0.54736982,0.561538462,0.549463869
Gnome,MLPClassifier,BERT,0.578205128,0.529706529,0.553435859,0.578205128,0.542672169
Gnome,RandomForestClassifier,TF-IDF,0.565384615,0.520172774,0.53975052,0.565384615,0.534937092
Gnome,RandomForestClassifier,BERT,0.606410256,0.5477298,0.59285975,0.606410256,0.552532087
Gnome,SVC,TF-IDF,0.612820513,0.54027774,0.63241453,0.612820513,0.523100764
Gnome,SVC,BERT,0.569230769,0.537741734,0.55498132,0.569230769,0.556450199
Gnome,KNeighborsClassifier,TF-IDF,0.556410256,0.550801486,0.564081994,0.556410256,0.559078911
Gnome,KNeighborsClassifier,BERT,0.551282051,0.528452087,0.543576492,0.551282051,0.546150067
Gnome,MultinomialNB,TF-IDF,0.602564103,0.534771759,0.592457499,0.602564103,0.525770158
Gnome,MultinomialNB,BERT,0.61025641,0.556999105,0.596890622,0.61025641,0.567527148
Gnome,MLPClassifier,TF-IDF,0.576923077,0.525387182,0.549638396,0.576923077,0.535914074
Gnome,MLPClassifier,BERT,0.575641026,0.555649733,0.570222171,0.575641026,0.572147142
Gnome,RandomForestClassifier,TF-IDF,0.58974359,0.537687488,0.567230868,0.58974359,0.548284711
Gnome,RandomForestClassifier,BERT,0.608974359,0.546685562,0.599965812,0.608974359,0.547061353
Gnome,SVC,TF-IDF,0.6,0.531666169,0.587035714,0.6,0.52139819
Gnome,SVC,BERT,0.567948718,0.528811468,0.547759253,0.567948718,0.546308702
Gnome,KNeighborsClassifier,TF-IDF,0.534017972,0.499343618,0.514763668,0.534017972,0.518247242
Gnome,KNeighborsClassifier,BERT,0.562259307,0.540134541,0.55535697,0.562259307,0.557694271
Gnome,MultinomialNB,TF-IDF,0.596919127,0.530938388,0.577215168,0.596919127,0.526092993
Gnome,MultinomialNB,BERT,0.600770218,0.547725449,0.582404682,0.600770218,0.558849375
Gnome,MLPClassifier,TF-IDF,0.591784339,0.541015386,0.570266982,0.591784339,0.553570922
Gnome,MLPClassifier,BERT,0.604621309,0.595729775,0.607710304,0.604621309,0.605913868
Gnome,RandomForestClassifier,TF-IDF,0.584082157,0.53260145,0.559393487,0.584082157,0.544311181
Gnome,RandomForestClassifier,BERT,0.596919127,0.534665823,0.576412388,0.596919127,0.535433172
Gnome,SVC,TF-IDF,0.612323492,0.544038825,0.614029094,0.612323492,0.536842397
Gnome,SVC,BERT,0.612323492,0.579915385,0.60095727,0.612323492,0.598978132
Gnome,KNeighborsClassifier,TF-IDF,0.576379974,0.5414269,0.560316669,0.576379974,0.560281802
Gnome,KNeighborsClassifier,BERT,0.51732991,0.493538206,0.509035252,0.51732991,0.51211929
Gnome,MultinomialNB,TF-IDF,0.609756098,0.543253207,0.604964632,0.609756098,0.538777938
Gnome,MultinomialNB,BERT,0.603337612,0.545249561,0.586698837,0.603337612,0.551627898
Gnome,MLPClassifier,TF-IDF,0.554557125,0.508890068,0.526225429,0.554557125,0.523860967
Gnome,MLPClassifier,BERT,0.594351733,0.518038608,0.578206363,0.594351733,0.491686435
Gnome,RandomForestClassifier,TF-IDF,0.587933248,0.540069923,0.566348315,0.587933248,0.554488852
Gnome,RandomForestClassifier,BERT,0.589216945,0.525785958,0.562151235,0.589216945,0.524266078
Gnome,SVC,TF-IDF,0.609756098,0.543253207,0.604964632,0.609756098,0.538777938
Gnome,SVC,BERT,0.564826701,0.531135643,0.548709215,0.564826701,0.550098664
Gnome,KNeighborsClassifier,TF-IDF,0.544287548,0.508077242,0.524227743,0.544287548,0.526690567
Gnome,KNeighborsClassifier,BERT,0.543003851,0.521895278,0.537085203,0.543003851,0.539361229
Gnome,MultinomialNB,TF-IDF,0.593068036,0.530458855,0.569403286,0.593068036,0.530432872
Gnome,MultinomialNB,BERT,0.604621309,0.54913684,0.588234403,0.604621309,0.558268298
Gnome,MLPClassifier,TF-IDF,0.557124519,0.518528343,0.536109585,0.557124519,0.536599372
Gnome,MLPClassifier,BERT,0.599486521,0.517280197,0.637393088,0.599486521,0.475165225
Gnome,RandomForestClassifier,TF-IDF,0.568677792,0.517171367,0.538407934,0.568677792,0.528301352
Gnome,RandomForestClassifier,BERT,0.586649551,0.524068481,0.557780623,0.586649551,0.523597075
Gnome,SVC,TF-IDF,0.59563543,0.530312615,0.574425003,0.59563543,0.526413694
Gnome,SVC,BERT,0.568677792,0.53627447,0.553837922,0.568677792,0.55530088
Gnome,KNeighborsClassifier,TF-IDF,0.590500642,0.545048906,0.570708593,0.590500642,0.560896215
Gnome,KNeighborsClassifier,BERT,0.535301669,0.518606565,0.53357125,0.535301669,0.534381499
Gnome,MultinomialNB,TF-IDF,0.594351733,0.528754982,0.571872021,0.594351733,0.524302198
Gnome,MultinomialNB,BERT,0.593068036,0.536050007,0.570307259,0.593068036,0.542979224
Gnome,MLPClassifier,TF-IDF,0.590500642,0.552037846,0.574009603,0.590500642,0.570402137
Gnome,MLPClassifier,BERT,0.602053915,0.534373342,0.589353431,0.602053915,0.527156547
Gnome,RandomForestClassifier,TF-IDF,0.591784339,0.540083527,0.569941793,0.591784339,0.551918017
Gnome,RandomForestClassifier,BERT,0.59563543,0.536369696,0.574116392,0.59563543,0.540897691
Gnome,SVC,TF-IDF,0.59563543,0.526119251,0.575816235,0.59563543,0.514892104
Gnome,SVC,BERT,0.576379974,0.540495041,0.559678751,0.576379974,0.559231303
Gnome,KNeighborsClassifier,TF-IDF,0.566110398,0.558319389,0.571563541,0.566110398,0.568216644
Gnome,KNeighborsClassifier,BERT,0.567394095,0.539376131,0.555856594,0.567394095,0.558189244
Gnome,MultinomialNB,TF-IDF,0.598202824,0.533893809,0.579259048,0.598202824,0.531791885
Gnome,MultinomialNB,BERT,0.57381258,0.515947027,0.539859664,0.57381258,0.520845209
Gnome,MLPClassifier,TF-IDF,0.584082157,0.544715613,0.566150526,0.584082157,0.562793123
Gnome,MLPClassifier,BERT,0.576379974,0.554938851,0.570018145,0.576379974,0.572115904
Gnome,RandomForestClassifier,TF-IDF,0.568677792,0.519966943,0.540913621,0.568677792,0.533273765
Gnome,RandomForestClassifier,BERT,0.578947368,0.515654546,0.543389724,0.578947368,0.513553796
Gnome,SVC,TF-IDF,0.587933248,0.519569032,0.557947378,0.587933248,0.509715881
Gnome,SVC,BERT,0.581514763,0.543464066,0.564009225,0.581514763,0.56183696
Gnome,KNeighborsClassifier,TF-IDF,0.558408216,0.558955244,0.572072396,0.558408216,0.561730916
Gnome,KNeighborsClassifier,BERT,0.544287548,0.52444378,0.539108964,0.544287548,0.541151414
Gnome,MultinomialNB,TF-IDF,0.593068036,0.533910053,0.57090424,0.593068036,0.536386347
Gnome,MultinomialNB,BERT,0.576379974,0.532530546,0.554237876,0.576379974,0.54781051
Gnome,MLPClassifier,TF-IDF,0.567394095,0.525330606,0.544742643,0.567394095,0.541320981
Gnome,MLPClassifier,BERT,0.596919127,0.524348642,0.585895282,0.596919127,0.503590838
Gnome,RandomForestClassifier,TF-IDF,0.571245186,0.526778069,0.54750751,0.571245186,0.541619788
Gnome,RandomForestClassifier,BERT,0.593068036,0.537579678,0.571420893,0.593068036,0.544369516
Gnome,SVC,TF-IDF,0.605905006,0.54301616,0.595589202,0.605905006,0.54132368
Gnome,SVC,BERT,0.569961489,0.543114696,0.559136096,0.569961489,0.561313953
Gnome,KNeighborsClassifier,TF-IDF,0.567394095,0.530835044,0.549052867,0.567394095,0.548684691
Gnome,KNeighborsClassifier,BERT,0.564826701,0.541490547,0.556631533,0.564826701,0.559035558
Gnome,MultinomialNB,TF-IDF,0.613607189,0.547745899,0.616012362,0.613607189,0.542115544
Gnome,MultinomialNB,BERT,0.607188703,0.547321174,0.595611622,0.607188703,0.549900912
Gnome,MLPClassifier,TF-IDF,0.587933248,0.547423108,0.570045829,0.587933248,0.564352864
Gnome,MLPClassifier,BERT,0.600770218,0.540015902,0.584591235,0.600770218,0.540937179
Gnome,RandomForestClassifier,TF-IDF,0.59563543,0.547107112,0.576605366,0.59563543,0.560093814
Gnome,RandomForestClassifier,BERT,0.600770218,0.535887574,0.586873179,0.600770218,0.530614113
Gnome,SVC,TF-IDF,0.609756098,0.540793998,0.613930069,0.609756098,0.52920244
Gnome,SVC,BERT,0.569961489,0.533940634,0.552314299,0.569961489,0.551916673
Gnome,KNeighborsClassifier,TF-IDF,0.532734275,0.533403781,0.547395725,0.532734275,0.536268569
Gnome,KNeighborsClassifier,BERT,0.550706033,0.523492396,0.539023106,0.550706033,0.54187621
Gnome,MultinomialNB,TF-IDF,0.59563543,0.527841581,0.577534344,0.59563543,0.516914366
Gnome,MultinomialNB,BERT,0.599486521,0.543967544,0.581364753,0.599486521,0.551088114
Gnome,MLPClassifier,TF-IDF,0.554557125,0.507050437,0.523895043,0.554557125,0.5195395
Gnome,MLPClassifier,BERT,0.593068036,0.532075241,0.570784947,0.593068036,0.532080661
Gnome,RandomForestClassifier,TF-IDF,0.581514763,0.530026367,0.556112685,0.581514763,0.540153114
Gnome,RandomForestClassifier,BERT,0.591784339,0.533274665,0.568834294,0.591784339,0.536488009
Gnome,SVC,TF-IDF,0.591784339,0.52226579,0.569004462,0.591784339,0.507520973
Gnome,SVC,BERT,0.577663671,0.543716107,0.562250931,0.577663671,0.562035179
WineHQ,KNeighborsClassifier,TF-IDF,0.779605263,0.508059994,0.701846528,0.779605263,0.727840756
WineHQ,KNeighborsClassifier,BERT,0.771381579,0.516155032,0.70790866,0.771381579,0.730483365
WineHQ,MultinomialNB,TF-IDF,0.809210526,0.5,0.654821676,0.809210526,0.723875598
WineHQ,MultinomialNB,BERT,0.804276316,0.506833474,0.720151276,0.804276316,0.730104395
WineHQ,MLPClassifier,TF-IDF,0.774671053,0.537952061,0.725534913,0.774671053,0.742621067
WineHQ,MLPClassifier,BERT,0.799342105,0.497196524,0.677960526,0.799342105,0.721881472
WineHQ,RandomForestClassifier,TF-IDF,0.800986842,0.534447715,0.742807472,0.800986842,0.749366062
WineHQ,RandomForestClassifier,BERT,0.807565789,0.49898374,0.654567329,0.807565789,0.723061635
WineHQ,SVC,TF-IDF,0.809210526,0.5,0.654821676,0.809210526,0.723875598
WineHQ,SVC,BERT,0.809210526,0.5,0.654821676,0.809210526,0.723875598
WineHQ,KNeighborsClassifier,TF-IDF,0.791118421,0.531644239,0.730274991,0.791118421,0.744953305
WineHQ,KNeighborsClassifier,BERT,0.78125,0.535428932,0.72674875,0.78125,0.743809647
WineHQ,MultinomialNB,TF-IDF,0.809210526,0.5,0.654821676,0.809210526,0.723875598
WineHQ,MultinomialNB,BERT,0.804276316,0.49695122,0.654056111,0.804276316,0.721429257
WineHQ,MLPClassifier,TF-IDF,0.782894737,0.516680684,0.712249008,0.782894737,0.733923625
WineHQ,MLPClassifier,BERT,0.810855263,0.504310345,0.846689933,0.810855263,0.727795624
WineHQ,RandomForestClassifier,TF-IDF,0.794407895,0.517206336,0.720357949,0.794407895,0.736766148
WineHQ,RandomForestClassifier,BERT,0.809210526,0.503294085,0.751042209,0.809210526,0.726953881
WineHQ,SVC,TF-IDF,0.809210526,0.5,0.654821676,0.809210526,0.723875598
WineHQ,SVC,BERT,0.809210526,0.5,0.654821676,0.809210526,0.723875598
WineHQ,KNeighborsClassifier,TF-IDF,0.782894737,0.519974769,0.715373961,0.782894737,0.735886326
WineHQ,KNeighborsClassifier,BERT,0.776315789,0.525791982,0.717465539,0.776315789,0.737171571
WineHQ,MultinomialNB,TF-IDF,0.809210526,0.5,0.654821676,0.809210526,0.723875598
WineHQ,MultinomialNB,BERT,0.800986842,0.501506869,0.697601509,0.800986842,0.725568334
WineHQ,MLPClassifier,TF-IDF,0.796052632,0.531398935,0.734649123,0.796052632,0.746196078
WineHQ,MLPClassifier,BERT,0.802631579,0.499229044,0.686425366,0.802631579,0.723576556
WineHQ,RandomForestClassifier,TF-IDF,0.802631579,0.535463975,0.745877625,0.802631579,0.750425504
WineHQ,RandomForestClassifier,BERT,0.810855263,0.504310345,0.846689933,0.810855263,0.727795624
WineHQ,SVC,TF-IDF,0.809210526,0.5,0.654821676,0.809210526,0.723875598
WineHQ,SVC,BERT,0.809210526,0.5,0.654821676,0.809210526,0.723875598
WineHQ,KNeighborsClassifier,TF-IDF,0.773026316,0.510583123,0.70308833,0.773026316,0.727811894
WineHQ,KNeighborsClassifier,BERT,0.777960526,0.50374965,0.696282851,0.777960526,0.724753342
WineHQ,MultinomialNB,TF-IDF,0.809210526,0.5,0.654821676,0.809210526,0.723875598
WineHQ,MultinomialNB,BERT,0.807565789,0.505571909,0.732541241,0.807565789,0.729054026
WineHQ,MLPClassifier,TF-IDF,0.787828947,0.513141295,0.710901282,0.787828947,0.732795223
WineHQ,MLPClassifier,BERT,0.810855263,0.504310345,0.846689933,0.810855263,0.727795624
WineHQ,RandomForestClassifier,TF-IDF,0.797697368,0.519238856,0.72617937,0.797697368,0.738755104
WineHQ,RandomForestClassifier,BERT,0.809210526,0.5,0.654821676,0.809210526,0.723875598
WineHQ,SVC,TF-IDF,0.809210526,0.5,0.654821676,0.809210526,0.723875598
WineHQ,SVC,BERT,0.809210526,0.5,0.654821676,0.809210526,0.723875598
WineHQ,KNeighborsClassifier,TF-IDF,0.780889621,0.518354542,0.713973005,0.780889621,0.735637912
WineHQ,KNeighborsClassifier,BERT,0.787479407,0.525751149,0.723647905,0.787479407,0.741713636
WineHQ,MultinomialNB,TF-IDF,0.810543657,0.5,0.65698102,0.810543657,0.725727897
WineHQ,MultinomialNB,BERT,0.799011532,0.509544008,0.715147802,0.799011532,0.733504242
WineHQ,MLPClassifier,TF-IDF,0.771004942,0.518920113,0.711372409,0.771004942,0.732994554
WineHQ,MLPClassifier,BERT,0.797364086,0.508527748,0.711795543,0.797364086,0.732561974
WineHQ,RandomForestClassifier,TF-IDF,0.7907743,0.514457405,0.714884453,0.7907743,0.735626682
WineHQ,RandomForestClassifier,BERT,0.810543657,0.5,0.65698102,0.810543657,0.725727897
WineHQ,SVC,TF-IDF,0.810543657,0.5,0.65698102,0.810543657,0.725727897
WineHQ,SVC,BERT,0.810543657,0.5,0.65698102,0.810543657,0.725727897
WineHQ,KNeighborsClassifier,TF-IDF,0.797364086,0.528517144,0.733916459,0.797364086,0.746026952
WineHQ,KNeighborsClassifier,BERT,0.774299835,0.520952633,0.713955907,0.774299835,0.735107664
WineHQ,MultinomialNB,TF-IDF,0.810543657,0.5,0.65698102,0.810543657,0.725727897
WineHQ,MultinomialNB,BERT,0.803953871,0.509261223,0.722485106,0.803953871,0.733743145
WineHQ,MLPClassifier,TF-IDF,0.784184514,0.537044892,0.730146895,0.784184514,0.746708788
WineHQ,MLPClassifier,BERT,0.81383855,0.508695652,0.848609201,0.81383855,0.733528151
WineHQ,RandomForestClassifier,TF-IDF,0.794069193,0.503163662,0.699894055,0.794069193,0.728213388
WineHQ,RandomForestClassifier,BERT,0.810543657,0.5,0.65698102,0.810543657,0.725727897
WineHQ,SVC,TF-IDF,0.810543657,0.5,0.65698102,0.810543657,0.725727897
WineHQ,SVC,BERT,0.810543657,0.5,0.65698102,0.810543657,0.725727897
WineHQ,KNeighborsClassifier,TF-IDF,0.784184514,0.520937215,0.716703654,0.784184514,0.736502045
WineHQ,KNeighborsClassifier,BERT,0.782537068,0.529794929,0.723152382,0.782537068,0.741035484
WineHQ,MultinomialNB,TF-IDF,0.808896211,0.5,0.65431308,0.808896211,0.723439052
WineHQ,MultinomialNB,BERT,0.802306425,0.49592668,0.653287653,0.802306425,0.720169021
WineHQ,MLPClassifier,TF-IDF,0.775947282,0.538889669,0.726453411,0.775947282,0.743318973
WineHQ,MLPClassifier,BERT,0.808896211,0.5,0.65431308,0.808896211,0.723439052
WineHQ,RandomForestClassifier,TF-IDF,0.802306425,0.535430859,0.745503869,0.802306425,0.75002951
WineHQ,RandomForestClassifier,BERT,0.808896211,0.503292015,0.750690974,0.808896211,0.726522156
WineHQ,SVC,TF-IDF,0.808896211,0.5,0.65431308,0.808896211,0.723439052
WineHQ,SVC,BERT,0.808896211,0.5,0.65431308,0.808896211,0.723439052
WineHQ,KNeighborsClassifier,TF-IDF,0.775947282,0.515845565,0.708621359,0.775947282,0.731329572
WineHQ,KNeighborsClassifier,BERT,0.767710049,0.497585856,0.687968569,0.767710049,0.718457136
WineHQ,MultinomialNB,TF-IDF,0.808896211,0.5,0.65431308,0.808896211,0.723439052
WineHQ,MultinomialNB,BERT,0.792421746,0.506276775,0.703712227,0.792421746,0.72840165
WineHQ,MLPClassifier,TF-IDF,0.772652389,0.533560994,0.721572792,0.772652389,0.739544252
WineHQ,MLPClassifier,BERT,0.808896211,0.5,0.65431308,0.808896211,0.723439052
WineHQ,RandomForestClassifier,TF-IDF,0.780889621,0.51560854,0.710119571,0.780889621,0.732479176
WineHQ,RandomForestClassifier,BERT,0.810543657,0.504310345,0.846496594,0.810543657,0.727365254
WineHQ,SVC,TF-IDF,0.808896211,0.5,0.65431308,0.808896211,0.723439052
WineHQ,SVC,BERT,0.808896211,0.5,0.65431308,0.808896211,0.723439052
WineHQ,KNeighborsClassifier,TF-IDF,0.78583196,0.508787485,0.704392906,0.78583196,0.729198636
WineHQ,KNeighborsClassifier,BERT,0.747940692,0.495241941,0.686526831,0.747940692,0.712102371
WineHQ,MultinomialNB,TF-IDF,0.808896211,0.5,0.65431308,0.808896211,0.723439052
WineHQ,MultinomialNB,BERT,0.808896211,0.509876045,0.752359467,0.808896211,0.732368054
WineHQ,MLPClassifier,TF-IDF,0.767710049,0.500877871,0.691837068,0.767710049,0.72046791
WineHQ,MLPClassifier,BERT,0.807248764,0.49898167,0.654057992,0.807248764,0.72262378
WineHQ,RandomForestClassifier,TF-IDF,0.789126853,0.497656085,0.685559624,0.789126853,0.721583916
WineHQ,RandomForestClassifier,BERT,0.808896211,0.5,0.65431308,0.808896211,0.723439052
WineHQ,SVC,TF-IDF,0.808896211,0.5,0.65431308,0.808896211,0.723439052
WineHQ,SVC,BERT,0.808896211,0.5,0.65431308,0.808896211,0.723439052
WineHQ,KNeighborsClassifier,TF-IDF,0.686985173,0.470731793,0.671745126,0.686985173,0.679134142
WineHQ,KNeighborsClassifier,BERT,0.76276771,0.497822881,0.688472211,0.76276771,0.717493255
WineHQ,MultinomialNB,TF-IDF,0.808896211,0.5,0.65431308,0.808896211,0.723439052
WineHQ,MultinomialNB,BERT,0.805601318,0.507839385,0.727963685,0.805601318,0.730574588
WineHQ,MLPClassifier,TF-IDF,0.771004942,0.52925065,0.717950872,0.771004942,0.736857199
WineHQ,MLPClassifier,BERT,0.808896211,0.5,0.65431308,0.808896211,0.723439052
WineHQ,RandomForestClassifier,TF-IDF,0.7907743,0.511842475,0.710910964,0.7907743,0.732130311
WineHQ,RandomForestClassifier,BERT,0.808896211,0.5,0.65431308,0.808896211,0.723439052
WineHQ,SVC,TF-IDF,0.808896211,0.5,0.65431308,0.808896211,0.723439052
WineHQ,SVC,BERT,0.808896211,0.5,0.65431308,0.808896211,0.723439052
FreeDesktop,KNeighborsClassifier,TF-IDF,0.526657997,0.50807418,0.538943442,0.526657997,0.531572165
FreeDesktop,KNeighborsClassifier,BERT,0.608582575,0.556844104,0.59029105,0.608582575,0.593983131
FreeDesktop,MultinomialNB,TF-IDF,0.609882965,0.50703107,0.547706051,0.609882965,0.525646492
FreeDesktop,MultinomialNB,BERT,0.616384915,0.502476034,0.541799924,0.616384915,0.506085743
FreeDesktop,MLPClassifier,TF-IDF,0.599479844,0.534242175,0.570507664,0.599479844,0.572757227
FreeDesktop,MLPClassifier,BERT,0.625487646,0.559908466,0.601104787,0.625487646,0.598416539
FreeDesktop,RandomForestClassifier,TF-IDF,0.611183355,0.535238363,0.577011307,0.611183355,0.572137945
FreeDesktop,RandomForestClassifier,BERT,0.615084525,0.507009413,0.55188537,0.615084525,0.519409424
FreeDesktop,SVC,TF-IDF,0.629388817,0.521230365,0.596600482,0.629388817,0.534846278
FreeDesktop,SVC,BERT,0.616384915,0.539396368,0.583331542,0.616384915,0.576085097
FreeDesktop,KNeighborsClassifier,TF-IDF,0.595578674,0.533910112,0.568878504,0.595578674,0.572478336
FreeDesktop,KNeighborsClassifier,BERT,0.621586476,0.567239114,0.602616627,0.621586476,0.604760099
FreeDesktop,MultinomialNB,TF-IDF,0.638491547,0.535472973,0.620000341,0.638491547,0.556161866
FreeDesktop,MultinomialNB,BERT,0.618985696,0.505948256,0.555017295,0.618985696,0.511276245
FreeDesktop,MLPClassifier,TF-IDF,0.622886866,0.544593873,0.591612852,0.622886866,0.581018762
FreeDesktop,MLPClassifier,BERT,0.594278283,0.539140102,0.572606898,0.594278283,0.57713352
FreeDesktop,RandomForestClassifier,TF-IDF,0.612483745,0.534884644,0.57761362,0.612483745,0.571317688
FreeDesktop,RandomForestClassifier,BERT,0.629388817,0.524016805,0.595947989,0.629388817,0.541195268
FreeDesktop,SVC,TF-IDF,0.629388817,0.519837145,0.5971492,0.629388817,0.531534497
FreeDesktop,SVC,BERT,0.604681404,0.533523909,0.57217037,0.604681404,0.571418686
FreeDesktop,KNeighborsClassifier,TF-IDF,0.505851756,0.490048943,0.522318859,0.505851756,0.51204038
FreeDesktop,KNeighborsClassifier,BERT,0.595578674,0.546449093,0.578590702,0.595578674,0.583174343
FreeDesktop,MultinomialNB,TF-IDF,0.618985696,0.517790627,0.571047671,0.618985696,0.538896005
FreeDesktop,MultinomialNB,BERT,0.624187256,0.51080287,0.576457472,0.624187256,0.516131456
FreeDesktop,MLPClassifier,TF-IDF,0.599479844,0.530759125,0.567732026,0.599479844,0.568989814
FreeDesktop,MLPClassifier,BERT,0.592977893,0.515809078,0.551914712,0.592977893,0.55210427
FreeDesktop,RandomForestClassifier,TF-IDF,0.590377113,0.512336856,0.547576007,0.590377113,0.548300185
FreeDesktop,RandomForestClassifier,BERT,0.605981795,0.500429516,0.532581083,0.605981795,0.515453538
FreeDesktop,SVC,TF-IDF,0.631989597,0.526095807,0.603750567,0.631989597,0.542871975
FreeDesktop,SVC,BERT,0.5526658,0.487764207,0.517966665,0.5526658,0.526737845
FreeDesktop,KNeighborsClassifier,TF-IDF,0.591677503,0.525218728,0.560411723,0.591677503,0.56368776
FreeDesktop,KNeighborsClassifier,BERT,0.599479844,0.547477766,0.580499949,0.599479844,0.58481587
FreeDesktop,MultinomialNB,TF-IDF,0.630689207,0.527146137,0.599224655,0.630689207,0.546582626
FreeDesktop,MultinomialNB,BERT,0.629388817,0.510084604,0.614558225,0.629388817,0.505468397
FreeDesktop,MLPClassifier,TF-IDF,0.578673602,0.522486429,0.55511395,0.578673602,0.560869425
FreeDesktop,MLPClassifier,BERT,0.613784135,0.544980076,0.585058979,0.613784135,0.583242354
FreeDesktop,RandomForestClassifier,TF-IDF,0.613784135,0.536620755,0.579679426,0.613784135,0.573211098
FreeDesktop,RandomForestClassifier,BERT,0.622886866,0.513246419,0.574478165,0.622886866,0.52416728
FreeDesktop,SVC,TF-IDF,0.630689207,0.522269866,0.601056184,0.630689207,0.535662125
FreeDesktop,SVC,BERT,0.611183355,0.529665483,0.572968944,0.611183355,0.564630859
FreeDesktop,KNeighborsClassifier,TF-IDF,0.59375,0.521527778,0.557584561,0.59375,0.558769079
FreeDesktop,KNeighborsClassifier,BERT,0.598958333,0.55,0.582064076,0.598958333,0.586425781
FreeDesktop,MultinomialNB,TF-IDF,0.62109375,0.514236111,0.571991688,0.62109375,0.527788685
FreeDesktop,MultinomialNB,BERT,0.625,0.511111111,0.581521739,0.625,0.514473684
FreeDesktop,MLPClassifier,TF-IDF,0.625,0.556944444,0.599337748,0.625,0.595010286
FreeDesktop,MLPClassifier,BERT,0.622395833,0.525694444,0.581979307,0.622395833,0.550635112
FreeDesktop,RandomForestClassifier,TF-IDF,0.60546875,0.524652778,0.565363344,0.60546875,0.559279672
FreeDesktop,RandomForestClassifier,BERT,0.626302083,0.520486111,0.587998852,0.626302083,0.535868245
FreeDesktop,SVC,TF-IDF,0.619791667,0.514583333,0.569815444,0.619791667,0.530164667
FreeDesktop,SVC,BERT,0.640625,0.5625,0.617281304,0.640625,0.599001536
FreeDesktop,KNeighborsClassifier,TF-IDF,0.59765625,0.547569444,0.579875214,0.59765625,0.584300029
FreeDesktop,KNeighborsClassifier,BERT,0.580729167,0.524305556,0.55690927,0.580729167,0.562428606
FreeDesktop,MultinomialNB,TF-IDF,0.614583333,0.510416667,0.557251211,0.614583333,0.526870634
FreeDesktop,MultinomialNB,BERT,0.623697917,0.514930556,0.578794966,0.623697917,0.526097034
FreeDesktop,MLPClassifier,TF-IDF,0.579427083,0.523263889,0.555752538,0.579427083,0.561378919
FreeDesktop,MLPClassifier,BERT,0.618489583,0.548958333,0.590449671,0.618489583,0.586821271
FreeDesktop,RandomForestClassifier,TF-IDF,0.608072917,0.535069444,0.575023912,0.608072917,0.572243966
FreeDesktop,RandomForestClassifier,BERT,0.635416667,0.53125,0.613890238,0.635416667,0.549472968
FreeDesktop,SVC,TF-IDF,0.61328125,0.505902778,0.548142895,0.61328125,0.518052369
FreeDesktop,SVC,BERT,0.610677083,0.539236111,0.579436707,0.610677083,0.576745899
FreeDesktop,KNeighborsClassifier,TF-IDF,0.62109375,0.550347222,0.5930825,0.62109375,0.588070423
FreeDesktop,KNeighborsClassifier,BERT,0.618489583,0.569791667,0.602590643,0.618489583,0.605824946
FreeDesktop,MultinomialNB,TF-IDF,0.6328125,0.529861111,0.605786804,0.6328125,0.549248374
FreeDesktop,MultinomialNB,BERT,0.62109375,0.503819444,0.554822002,0.62109375,0.500646368
FreeDesktop,MLPClassifier,TF-IDF,0.59765625,0.534375,0.56982976,0.59765625,0.572642864
FreeDesktop,MLPClassifier,BERT,0.622395833,0.515277778,0.575714439,0.622395833,0.528600236
FreeDesktop,RandomForestClassifier,TF-IDF,0.608072917,0.534375,0.57451807,0.608072917,0.571391121
FreeDesktop,RandomForestClassifier,BERT,0.627604167,0.520833333,0.591883326,0.627604167,0.535102302
FreeDesktop,SVC,TF-IDF,0.639322917,0.528819444,0.639904506,0.639322917,0.539142593
FreeDesktop,SVC,BERT,0.622395833,0.54375,0.590852912,0.622395833,0.579596603
FreeDesktop,KNeighborsClassifier,TF-IDF,0.604166667,0.534027778,0.572240557,0.604166667,0.571712707
FreeDesktop,KNeighborsClassifier,BERT,0.591145833,0.541666667,0.573595063,0.591145833,0.578369141
FreeDesktop,MultinomialNB,TF-IDF,0.622395833,0.514583333,0.575194986,0.622395833,0.526960615
FreeDesktop,MultinomialNB,BERT,0.622395833,0.504166667,0.560628342,0.622395833,0.499317865
FreeDesktop,MLPClassifier,TF-IDF,0.59765625,0.520486111,0.557965035,0.59765625,0.556374736
FreeDesktop,MLPClassifier,BERT,0.62890625,0.525347222,0.595412966,0.62890625,0.543704724
FreeDesktop,RandomForestClassifier,TF-IDF,0.6171875,0.538194444,0.583284288,0.6171875,0.573797936
FreeDesktop,RandomForestClassifier,BERT,0.627604167,0.523611111,0.591878531,0.627604167,0.541347382
FreeDesktop,SVC,TF-IDF,0.631510417,0.519097222,0.610772754,0.631510417,0.52562347
FreeDesktop,SVC,BERT,0.608072917,0.530208333,0.571394871,0.608072917,0.566020932
FreeDesktop,KNeighborsClassifier,TF-IDF,0.529947917,0.515625,0.545666176,0.529947917,0.535732602
FreeDesktop,KNeighborsClassifier,BERT,0.580729167,0.525694444,0.55812852,0.580729167,0.563647654
FreeDesktop,MultinomialNB,TF-IDF,0.62109375,0.519791667,0.576343534,0.62109375,0.540065645
FreeDesktop,MultinomialNB,BERT,0.626302083,0.505902778,0.594307183,0.626302083,0.497198945
FreeDesktop,MLPClassifier,TF-IDF,0.595052083,0.535069444,0.569503267,0.595052083,0.573294676
FreeDesktop,MLPClassifier,BERT,0.622395833,0.520138889,0.578897954,0.622395833,0.539454817
FreeDesktop,RandomForestClassifier,TF-IDF,0.62109375,0.546875,0.591282165,0.62109375,0.583947195
FreeDesktop,RandomForestClassifier,BERT,0.6171875,0.511805556,0.562469645,0.6171875,0.526946617
FreeDesktop,SVC,TF-IDF,0.622395833,0.515972222,0.576213819,0.622395833,0.530216874
FreeDesktop,SVC,BERT,0.598958333,0.525694444,0.563190067,0.598958333,0.562728002
FreeDesktop,KNeighborsClassifier,TF-IDF,0.580729167,0.506479677,0.539836798,0.580729167,0.544306025
FreeDesktop,KNeighborsClassifier,BERT,0.59375,0.546386376,0.578330441,0.59375,0.582964411
FreeDesktop,MultinomialNB,TF-IDF,0.630208333,0.52419828,0.596600337,0.630208333,0.542262329
FreeDesktop,MultinomialNB,BERT,0.6328125,0.515034735,0.624266396,0.6328125,0.515995747
FreeDesktop,MLPClassifier,TF-IDF,0.569010417,0.502745442,0.534985841,0.569010417,0.541971456
FreeDesktop,MLPClassifier,BERT,0.604166667,0.563134295,0.593527156,0.604166667,0.597242313
FreeDesktop,RandomForestClassifier,TF-IDF,0.604166667,0.525893355,0.565873602,0.604166667,0.562732309
FreeDesktop,RandomForestClassifier,BERT,0.627604167,0.521416619,0.589163359,0.627604167,0.539038824
FreeDesktop,SVC,TF-IDF,0.6328125,0.520656008,0.609437926,0.6328125,0.530775221
FreeDesktop,SVC,BERT,0.602864583,0.531880447,0.570187162,0.602864583,0.570418414
